metric,value
Annualized mean return,0.046854762071353064
Annualized volatility,0.13789982826162347
Sharpe ratio,0.2128772029478166
Minimum monthly return,-0.12015555679469127
Maximum monthly return,0.14182017152404947
Final cumulative index,1.5647108273384938
Maximum drawdown,-0.23877641909572556
Number of monthly observations,144.0
