metric,value
Annualized mean return,0.048661491452659175
Annualized volatility,0.13503013996104588
Sharpe ratio,0.2307840287976592
Minimum monthly return,-0.12015348778628418
Maximum monthly return,0.1366744089184577
Final cumulative index,1.6065913534166896
Maximum drawdown,-0.23936669622004003
Number of monthly observations,144.0
