,Annualized mean return,Annualized volatility,Sharpe ratio,Minimum monthly return,Maximum monthly return,Final cumulative index,Maximum drawdown,Number of monthly observations
Minimum-Variance,0.048661491452659175,0.13503013996104588,0.2307840287976592,-0.12015348778628418,0.1366744089184577,1.6065913534166896,-0.23936669622004003,144.0
Value-Weighted,0.08034596364402047,0.1584633268792941,0.3975839397719398,-0.15297286389009973,0.18286257955949803,2.253410873253001,-0.2839498868501703,144.0
