,Annualized mean return,Annualized volatility,Sharpe ratio,Minimum monthly return,Maximum monthly return,Final cumulative index,Maximum drawdown,Number of monthly observations
Minimum-Variance,0.048284931750341625,0.13797724786392732,0.223106516069261,-0.12015555639785568,0.14154085123796795,1.5914457317785924,-0.23877641840813701,144.0
Value-Weighted,0.08034596364402047,0.1584633268792941,0.3975839397719398,-0.15297286389009973,0.18286257955949803,2.253410873253001,-0.2839498868501703,144.0
