,Annualized mean return,Annualized volatility,Sharpe ratio,Minimum monthly return,Maximum monthly return,Final cumulative index,Maximum drawdown,Number of monthly observations
Minimum-Variance,0.046854762071353064,0.13789982826162347,0.2128772029478166,-0.12015555679469127,0.14182017152404947,1.5647108273384938,-0.23877641909572556,144.0
Value-Weighted,0.08034596364402047,0.1584633268792941,0.3975839397719398,-0.15297286389009973,0.18286257955949803,2.253410873253001,-0.2839498868501703,144.0
